<?xml version="1.0" encoding="UTF-8"?>
<project-private xmlns="http://www.netbeans.org/ns/project-private/1">
    <editor-bookmarks xmlns="http://www.netbeans.org/ns/editor-bookmarks/2" lastBookmarkId="0"/>
    <open-files xmlns="http://www.netbeans.org/ns/projectui-open-files/2">
        <group>
            <file>file:/home/al-sany/NetBeansProjects/prisonManagementSystem/src/prisonmanagementsystem/manageCell.java</file>
            <file>file:/home/al-sany/NetBeansProjects/prisonManagementSystem/src/prisonmanagementsystem/updateSalaryOfEmployee.java</file>
            <file>file:/home/al-sany/NetBeansProjects/prisonManagementSystem/src/prisonmanagementsystem/manageOptionOfCell.java</file>
            <file>file:/home/al-sany/NetBeansProjects/prisonManagementSystem/src/prisonmanagementsystem/insertEmployee.java</file>
            <file>file:/home/al-sany/NetBeansProjects/prisonManagementSystem/src/prisonmanagementsystem/makeRoom.java</file>
            <file>file:/home/al-sany/NetBeansProjects/prisonManagementSystem/src/prisonmanagementsystem/managePrisoner.java</file>
            <file>file:/home/al-sany/NetBeansProjects/prisonManagementSystem/src/prisonmanagementsystem/visitor.java</file>
            <file>file:/home/al-sany/NetBeansProjects/prisonManagementSystem/src/prisonmanagementsystem/logIn.java</file>
            <file>file:/home/al-sany/NetBeansProjects/prisonManagementSystem/src/prisonmanagementsystem/changeGuardZone.java</file>
            <file>file:/home/al-sany/NetBeansProjects/prisonManagementSystem/src/prisonmanagementsystem/employees.java</file>
            <file>file:/home/al-sany/NetBeansProjects/prisonManagementSystem/src/prisonmanagementsystem/insertVisitor.java</file>
            <file>file:/home/al-sany/NetBeansProjects/prisonManagementSystem/src/prisonmanagementsystem/prisonerInformation.java</file>
            <file>file:/home/al-sany/NetBeansProjects/prisonManagementSystem/src/prisonmanagementsystem/FirstFrame.java</file>
            <file>file:/home/al-sany/NetBeansProjects/prisonManagementSystem/src/prisonmanagementsystem/insertPrisoner.java</file>
            <file>file:/home/al-sany/NetBeansProjects/prisonManagementSystem/src/prisonmanagementsystem/DBConnect.java</file>
            <file>file:/home/al-sany/NetBeansProjects/prisonManagementSystem/src/prisonmanagementsystem/manageOptionOfPrisoner.java</file>
            <file>file:/home/al-sany/NetBeansProjects/prisonManagementSystem/src/prisonmanagementsystem/PrisonManagementSystem.java</file>
            <file>file:/home/al-sany/NetBeansProjects/prisonManagementSystem/src/prisonmanagementsystem/manageGuard.java</file>
            <file>file:/home/al-sany/NetBeansProjects/prisonManagementSystem/src/prisonmanagementsystem/changeShiftOfEmployee.java</file>
            <file>file:/home/al-sany/NetBeansProjects/prisonManagementSystem/src/prisonmanagementsystem/manageOptionOfEmployee.java</file>
            <file>file:/home/al-sany/NetBeansProjects/prisonManagementSystem/src/prisonmanagementsystem/updatePrisoner.java</file>
            <file>file:/home/al-sany/NetBeansProjects/prisonManagementSystem/src/prisonmanagementsystem/manageOptionOfGuard.java</file>
            <file>file:/home/al-sany/NetBeansProjects/prisonManagementSystem/src/prisonmanagementsystem/superAdmin.java</file>
            <file>file:/home/al-sany/NetBeansProjects/prisonManagementSystem/src/prisonmanagementsystem/userInfo.java</file>
            <file>file:/home/al-sany/NetBeansProjects/prisonManagementSystem/src/prisonmanagementsystem/fillIn.java</file>
        </group>
    </open-files>
</project-private>
